max shift,t4,t5,t6
96,0.8838491716858388,0.8935218729172567,0.9089777769161296
