patch size,t4,t5,t6
48,33.50772964187643,35.82972981884002,34.69740337045804
45,33.26732703304695,35.60005240655158,34.470489516935544
