ps,t4,t5,t6
47,0.9295760404026763,0.9297558743423837,0.9282403121163642
