ubr,t4,t5,t6
46,0.8230839284998579,0.7736783162044498,0.7381439463234528
45,0.8258820049048528,0.7755771819301871,0.7409683153409683
