metric,t4,t5,t6
GenomeDISCO,0.8959850983386249,0.8872468232851477,0.8804879145054223
